[
 {
  "allow_on_submit": 0, 
  "collapsible": 0, 
  "collapsible_depends_on": null, 
  "default": null, 
  "depends_on": null, 
  "description": null, 
  "docstatus": 0, 
  "doctype": "Custom Field", 
  "dt": "Print Settings", 
  "fieldname": "compact_item_print", 
  "fieldtype": "Check", 
  "hidden": 0, 
  "ignore_user_permissions": 0, 
  "ignore_xss_filter": 0, 
  "in_filter": 0, 
  "in_list_view": 0, 
  "insert_after": "with_letterhead", 
  "label": "Compact Item Print", 
  "modified": "2016-06-06 15:18:17.025602", 
  "name": "Print Settings-compact_item_print", 
  "no_copy": 0, 
  "options": null, 
  "permlevel": 0, 
  "precision": "", 
  "print_hide": 0, 
  "print_hide_if_no_value": 0, 
  "print_width": null, 
  "read_only": 0, 
  "report_hide": 0, 
  "reqd": 0, 
  "search_index": 0, 
  "unique": 0, 
  "width": null
 }, 
 {
  "allow_on_submit": 0, 
  "collapsible": 0, 
  "collapsible_depends_on": null, 
  "default": null, 
  "depends_on": null, 
  "description": null, 
  "docstatus": 0, 
  "doctype": "Custom Field", 
  "dt": "Customer", 
  "fieldname": "woocommerce_customer_id", 
  "fieldtype": "Data", 
  "hidden": 0, 
  "ignore_user_permissions": 0, 
  "ignore_xss_filter": 0, 
  "in_filter": 0, 
  "in_list_view": 0, 
  "insert_after": "naming_series", 
  "label": "woocommerce Customer Id", 
  "modified": "2016-01-15 17:25:28.991818", 
  "name": "Customer-woocommerce_customer_id", 
  "no_copy": 1, 
  "options": null, 
  "permlevel": 0, 
  "precision": "", 
  "print_hide": 1, 
  "print_hide_if_no_value": 0, 
  "print_width": null, 
  "read_only": 1, 
  "report_hide": 0, 
  "reqd": 0, 
  "search_index": 0, 
  "unique": 0, 
  "width": null
 },
 {
  "allow_on_submit": 0, 
  "collapsible": 0, 
  "collapsible_depends_on": null, 
  "default": null, 
  "depends_on": null, 
  "description": null, 
  "docstatus": 0, 
  "doctype": "Custom Field", 
  "dt": "Sales Order", 
  "fieldname": "woocommerce_payment_method", 
  "fieldtype": "Data", 
  "hidden": 0, 
  "ignore_user_permissions": 0, 
  "ignore_xss_filter": 0, 
  "in_filter": 0, 
  "in_list_view": 0, 
  "insert_after": "woocommerce_order_id", 
  "label": "WooCommerce Payment Method", 
  "modified": "2016-01-15 17:25:28.991818", 
  "name": "Sales Order-woocommerce_payment_method", 
  "no_copy": 1, 
  "options": null, 
  "permlevel": 0, 
  "precision": "", 
  "print_hide": 1, 
  "print_hide_if_no_value": 0, 
  "print_width": null, 
  "read_only": 1, 
  "report_hide": 0, 
  "reqd": 0, 
  "search_index": 0, 
  "unique": 0, 
  "width": null
 }, 
 {
  "allow_on_submit": 0, 
  "collapsible": 0, 
  "collapsible_depends_on": null, 
  "default": null, 
  "depends_on": null, 
  "description": null, 
  "docstatus": 0, 
  "doctype": "Custom Field", 
  "dt": "Address", 
  "fieldname": "woocommerce_address_id", 
  "fieldtype": "Data", 
  "hidden": 0, 
  "ignore_user_permissions": 0, 
  "ignore_xss_filter": 0, 
  "in_filter": 0, 
  "in_list_view": 0, 
  "insert_after": "fax", 
  "label": "woocommerce Address Id", 
  "modified": "2016-01-15 17:50:52.213743", 
  "name": "Address-woocommerce_address_id", 
  "no_copy": 1, 
  "options": null, 
  "permlevel": 0, 
  "precision": "", 
  "print_hide": 1, 
  "print_hide_if_no_value": 0, 
  "print_width": null, 
  "read_only": 1, 
  "report_hide": 0, 
  "reqd": 0, 
  "search_index": 0, 
  "unique": 0, 
  "width": null
 },
 {
  "allow_on_submit": 0, 
  "collapsible": 0, 
  "collapsible_depends_on": null, 
  "default": null, 
  "depends_on": null, 
  "description": null, 
  "docstatus": 0, 
  "doctype": "Custom Field", 
  "dt": "Address", 
  "fieldname": "woocommerce_company_name", 
  "fieldtype": "Data", 
  "hidden": 0, 
  "ignore_user_permissions": 0, 
  "ignore_xss_filter": 0, 
  "in_filter": 0, 
  "in_list_view": 0, 
  "insert_after": "woocommerce_address_id", 
  "label": "woocommerce Address Company Name", 
  "modified": "2016-01-15 17:50:52.213743", 
  "name": "Address-woocommerce_company_name", 
  "no_copy": 1, 
  "options": null, 
  "permlevel": 0, 
  "precision": "", 
  "print_hide": 1, 
  "print_hide_if_no_value": 0, 
  "print_width": null, 
  "read_only": 1, 
  "report_hide": 0, 
  "reqd": 0, 
  "search_index": 0, 
  "unique": 0, 
  "width": null
 }, 
 {
  "allow_on_submit": 0, 
  "collapsible": 0, 
  "collapsible_depends_on": null, 
  "default": null, 
  "depends_on": null, 
  "description": null, 
  "docstatus": 0, 
  "doctype": "Custom Field", 
  "dt": "Sales Order", 
  "fieldname": "woocommerce_order_id", 
  "fieldtype": "Data", 
  "hidden": 0, 
  "ignore_user_permissions": 0, 
  "ignore_xss_filter": 0, 
  "in_filter": 0, 
  "in_list_view": 0, 
  "insert_after": "title", 
  "label": "woocommerce Order Id", 
  "modified": "2016-01-18 09:55:50.764524", 
  "name": "Sales Order-woocommerce_order_id", 
  "no_copy": 1, 
  "options": null, 
  "permlevel": 0, 
  "precision": "", 
  "print_hide": 1, 
  "print_hide_if_no_value": 0, 
  "print_width": null, 
  "read_only": 1, 
  "report_hide": 0, 
  "reqd": 0, 
  "search_index": 0, 
  "unique": 0, 
  "width": null
 }, 
 {
  "allow_on_submit": 0, 
  "collapsible": 0, 
  "collapsible_depends_on": null, 
  "default": null, 
  "depends_on": null, 
  "description": null, 
  "docstatus": 0, 
  "doctype": "Custom Field", 
  "dt": "Item", 
  "fieldname": "woocommerce_product_id", 
  "fieldtype": "Data", 
  "hidden": 0, 
  "ignore_user_permissions": 0, 
  "ignore_xss_filter": 0, 
  "in_filter": 0, 
  "in_list_view": 0, 
  "insert_after": "item_code", 
  "label": "woocommerce Product Id", 
  "modified": "2016-01-19 15:44:16.132952", 
  "name": "Item-woocommerce_product_id", 
  "no_copy": 1, 
  "options": null, 
  "permlevel": 0, 
  "precision": "", 
  "print_hide": 1, 
  "print_hide_if_no_value": 0, 
  "print_width": null, 
  "read_only": 1, 
  "report_hide": 0, 
  "reqd": 0, 
  "search_index": 0, 
  "unique": 0, 
  "width": null
 }, 
 {
  "allow_on_submit": 0, 
  "collapsible": 0, 
  "collapsible_depends_on": null, 
  "default": null, 
  "depends_on": null, 
  "description": null, 
  "docstatus": 0, 
  "doctype": "Custom Field", 
  "dt": "Sales Invoice", 
  "fieldname": "woocommerce_order_id", 
  "fieldtype": "Data", 
  "hidden": 0, 
  "ignore_user_permissions": 0, 
  "ignore_xss_filter": 0, 
  "in_filter": 0, 
  "in_list_view": 0, 
  "insert_after": "naming_series", 
  "label": "woocommerce Order Id", 
  "modified": "2016-01-19 16:30:12.261797", 
  "name": "Sales Invoice-woocommerce_order_id", 
  "no_copy": 1, 
  "options": null, 
  "permlevel": 0, 
  "precision": "", 
  "print_hide": 1, 
  "print_hide_if_no_value": 0, 
  "print_width": null, 
  "read_only": 1, 
  "report_hide": 0, 
  "reqd": 0, 
  "search_index": 0, 
  "unique": 0, 
  "width": null
 }, 
 {
  "allow_on_submit": 0, 
  "collapsible": 0, 
  "collapsible_depends_on": null, 
  "default": null, 
  "depends_on": null, 
  "description": null, 
  "docstatus": 0, 
  "doctype": "Custom Field", 
  "dt": "Delivery Note", 
  "fieldname": "woocommerce_order_id", 
  "fieldtype": "Data", 
  "hidden": 0, 
  "ignore_user_permissions": 0, 
  "ignore_xss_filter": 0, 
  "in_filter": 0, 
  "in_list_view": 0, 
  "insert_after": "title", 
  "label": "woocommerce Order Id", 
  "modified": "2016-01-19 16:30:31.201198", 
  "name": "Delivery Note-woocommerce_order_id", 
  "no_copy": 1, 
  "options": null, 
  "permlevel": 0, 
  "precision": "", 
  "print_hide": 1, 
  "print_hide_if_no_value": 0, 
  "print_width": null, 
  "read_only": 1, 
  "report_hide": 0, 
  "reqd": 0, 
  "search_index": 0, 
  "unique": 0, 
  "width": null
 }, 
 {
  "allow_on_submit": 0, 
  "collapsible": 0, 
  "collapsible_depends_on": null, 
  "default": null, 
  "depends_on": null, 
  "description": null, 
  "docstatus": 0, 
  "doctype": "Custom Field", 
  "dt": "Item", 
  "fieldname": "stock_keeping_unit", 
  "fieldtype": "Data", 
  "hidden": 0, 
  "ignore_user_permissions": 0, 
  "ignore_xss_filter": 0, 
  "in_filter": 0, 
  "in_list_view": 0, 
  "insert_after": "stock_uom", 
  "label": "Stock Keeping Unit", 
  "modified": "2015-11-10 09:29:10.854943", 
  "name": "Item-stock_keeping_unit", 
  "no_copy": 1, 
  "options": null, 
  "permlevel": 0, 
  "precision": "", 
  "print_hide": 0, 
  "print_hide_if_no_value": 0, 
  "print_width": null, 
  "read_only": 1, 
  "report_hide": 0, 
  "reqd": 0, 
  "search_index": 0, 
  "unique": 0, 
  "width": null
 }, 
 {
  "allow_on_submit": 0, 
  "collapsible": 0, 
  "collapsible_depends_on": null, 
  "default": "0", 
  "depends_on": null, 
  "description": null, 
  "docstatus": 0, 
  "doctype": "Custom Field", 
  "dt": "Item", 
  "fieldname": "sync_with_woocommerce", 
  "fieldtype": "Check", 
  "hidden": 0, 
  "ignore_user_permissions": 0, 
  "ignore_xss_filter": 0, 
  "in_filter": 0, 
  "in_list_view": 0, 
  "insert_after": "is_stock_item", 
  "label": "Sync With woocommerce", 
  "modified": "2015-10-12 15:54:31.997714", 
  "name": "Item-sync_with_woocommerce", 
  "no_copy": 0, 
  "options": null, 
  "permlevel": 0, 
  "precision": "", 
  "print_hide": 0, 
  "print_hide_if_no_value": 0, 
  "print_width": null, 
  "read_only": 0, 
  "report_hide": 0, 
  "reqd": 0, 
  "search_index": 0, 
  "unique": 0, 
  "width": null
 }, 
 {
  "allow_on_submit": 0, 
  "collapsible": 0, 
  "collapsible_depends_on": null, 
  "default": null, 
  "depends_on": null, 
  "description": null, 
  "docstatus": 0, 
  "doctype": "Custom Field", 
  "dt": "Customer", 
  "fieldname": "sync_with_woocommerce", 
  "fieldtype": "Check", 
  "hidden": 0, 
  "ignore_user_permissions": 0, 
  "ignore_xss_filter": 0, 
  "in_filter": 0, 
  "in_list_view": 0, 
  "insert_after": "is_frozen", 
  "label": "Sync With woocommerce", 
  "modified": "2015-10-01 17:31:55.758826", 
  "name": "Customer-sync_with_woocommerce", 
  "no_copy": 0, 
  "options": null, 
  "permlevel": 0, 
  "precision": "", 
  "print_hide": 0, 
  "print_hide_if_no_value": 0, 
  "print_width": null, 
  "read_only": 0, 
  "report_hide": 0, 
  "reqd": 0, 
  "search_index": 0, 
  "unique": 0, 
  "width": null
 }, 
 {
  "allow_on_submit": 0, 
  "collapsible": 0, 
  "collapsible_depends_on": null, 
  "default": null, 
  "depends_on": null, 
  "description": null, 
  "docstatus": 0, 
  "doctype": "Custom Field", 
  "dt": "Item", 
  "fieldname": "woocommerce_variant_id", 
  "fieldtype": "Data", 
  "hidden": 1, 
  "ignore_user_permissions": 0, 
  "ignore_xss_filter": 0, 
  "in_filter": 0, 
  "in_list_view": 0, 
  "insert_after": "item_code", 
  "label": "Variant Id", 
  "modified": "2015-11-09 18:26:50.825858", 
  "name": "Item-woocommerce_variant_id", 
  "no_copy": 1, 
  "options": null, 
  "permlevel": 0, 
  "precision": "", 
  "print_hide": 1, 
  "print_hide_if_no_value": 0, 
  "print_width": null, 
  "read_only": 1, 
  "report_hide": 0, 
  "reqd": 0, 
  "search_index": 0, 
  "unique": 0, 
  "width": null
 }, 
 {
  "allow_on_submit": 0, 
  "collapsible": 0, 
  "collapsible_depends_on": null, 
  "default": null, 
  "depends_on": null, 
  "description": null, 
  "docstatus": 0, 
  "doctype": "Custom Field", 
  "dt": "Item", 
  "fieldname": "sync_qty_with_woocommerce", 
  "fieldtype": "Check", 
  "hidden": 0, 
  "ignore_user_permissions": 0, 
  "ignore_xss_filter": 0, 
  "in_filter": 0, 
  "in_list_view": 0, 
  "insert_after": "item_code", 
  "label": "Sync Quantity With woocommerce", 
  "modified": "2015-12-29 08:37:46.183295", 
  "name": "Item-sync_qty_with_woocommerce", 
  "no_copy": 0, 
  "options": null, 
  "permlevel": 0, 
  "precision": "", 
  "print_hide": 0, 
  "print_hide_if_no_value": 0, 
  "print_width": null, 
  "read_only": 0, 
  "report_hide": 0, 
  "reqd": 0, 
  "search_index": 0, 
  "unique": 0, 
  "width": null
 }, 
 {
  "allow_on_submit": 0, 
  "collapsible": 0, 
  "collapsible_depends_on": null, 
  "default": null, 
  "depends_on": null, 
  "description": null, 
  "docstatus": 0, 
  "doctype": "Custom Field", 
  "dt": "Delivery Note", 
  "fieldname": "woocommerce_fulfillment_id", 
  "fieldtype": "Data", 
  "hidden": 0, 
  "ignore_user_permissions": 0, 
  "ignore_xss_filter": 0, 
  "in_filter": 0, 
  "in_list_view": 0, 
  "insert_after": "title", 
  "label": "woocommerce Fulfillment Id", 
  "modified": "2016-01-20 23:50:35.609543", 
  "name": "Delivery Note-woocommerce_fulfillment_id", 
  "no_copy": 1, 
  "options": null, 
  "permlevel": 0, 
  "precision": "", 
  "print_hide": 1, 
  "print_hide_if_no_value": 0, 
  "print_width": null, 
  "read_only": 1, 
  "report_hide": 0, 
  "reqd": 0, 
  "search_index": 0, 
  "unique": 0, 
  "width": null
 }, 
 {
  "allow_on_submit": 0, 
  "collapsible": 0, 
  "collapsible_depends_on": null, 
  "default": null, 
  "depends_on": null, 
  "description": null, 
  "docstatus": 0, 
  "doctype": "Custom Field", 
  "dt": "Supplier", 
  "fieldname": "woocommerce_supplier_id", 
  "fieldtype": "Data", 
  "hidden": 1, 
  "ignore_user_permissions": 0, 
  "ignore_xss_filter": 0, 
  "in_filter": 0, 
  "in_list_view": 0, 
  "insert_after": "supplier_name", 
  "label": "woocommerce Supplier Id", 
  "modified": "2016-02-01 15:41:25.818306", 
  "name": "Supplier-woocommerce_supplier_id", 
  "no_copy": 1, 
  "options": null, 
  "permlevel": 0, 
  "precision": "", 
  "print_hide": 1, 
  "print_hide_if_no_value": 0, 
  "print_width": null, 
  "read_only": 1, 
  "report_hide": 0, 
  "reqd": 0, 
  "search_index": 0, 
  "unique": 0, 
  "width": null
 }, 
 {
  "allow_on_submit": 0, 
  "collapsible": 0, 
  "collapsible_depends_on": null, 
  "default": null, 
  "depends_on": null, 
  "description": null, 
  "docstatus": 0, 
  "doctype": "Custom Field", 
  "dt": "Item", 
  "fieldname": "woocommerce_description", 
  "fieldtype": "Text Editor", 
  "hidden": 0, 
  "ignore_user_permissions": 0, 
  "ignore_xss_filter": 0, 
  "in_filter": 0, 
  "in_list_view": 0, 
  "insert_after": "section_break_11", 
  "label": "woocommerce_description", 
  "modified": "2016-06-15 12:15:36.325581", 
  "name": "Item-woocommerce_description", 
  "no_copy": 0, 
  "options": null, 
  "permlevel": 0, 
  "precision": "", 
  "print_hide": 1, 
  "print_hide_if_no_value": 0, 
  "print_width": null, 
  "read_only": 0, 
  "report_hide": 1, 
  "reqd": 0, 
  "search_index": 0, 
  "unique": 0, 
  "width": null
 }
]