{
 "custom_fields": [
  {
   "_assign": null,
   "_comments": null,
   "_liked_by": null,
   "_user_tags": null,
   "allow_on_submit": 0,
   "bold": 0,
   "collapsible": 0,
   "collapsible_depends_on": null,
   "columns": 0,
   "creation": "2020-08-11 11:02:26.797153",
   "default": null,
   "depends_on": null,
   "description": null,
   "docstatus": 0,
   "dt": "Item Attribute",
   "fetch_from": null,
   "fetch_if_empty": 0,
   "fieldname": "woocommerce_attribute_id",
   "fieldtype": "Data",
   "hidden": 0,
   "idx": 9,
   "ignore_user_permissions": 0,
   "ignore_xss_filter": 0,
   "in_global_search": 0,
   "in_list_view": 0,
   "in_standard_filter": 0,
   "insert_after": "item_attribute_values",
   "label": "Woocommerce Attribute ID",
   "length": 0,
   "modified": "2020-08-11 11:02:26.797153",
   "modified_by": "Administrator",
   "name": "Item Attribute-woocommerce_attribute_id",
   "no_copy": 0,
   "options": null,
   "owner": "Administrator",
   "parent": null,
   "parentfield": null,
   "parenttype": null,
   "permlevel": 0,
   "precision": "",
   "print_hide": 0,
   "print_hide_if_no_value": 0,
   "print_width": null,
   "read_only": 0,
   "report_hide": 0,
   "reqd": 0,
   "search_index": 0,
   "translatable": 1,
   "unique": 0,
   "width": null
  }
 ],
 "custom_perms": [],
 "doctype": "Item Attribute",
 "property_setters": [],
 "sync_on_migrate": 1
}
