{
 "creation": "2020-08-20 09:46:47.673274",
 "doctype": "DocType",
 "editable_grid": 1,
 "engine": "InnoDB",
 "field_order": [
  "category"
 ],
 "fields": [
  {
   "fieldname": "category",
   "fieldtype": "Data",
   "in_list_view": 1,
   "label": "Category"
  }
 ],
 "istable": 1,
 "modified": "2020-08-24 13:12:01.512518",
 "modified_by": "Administrator",
 "module": "WooCommerceConnector",
 "name": "Item Product Category",
 "owner": "Administrator",
 "permissions": [],
 "quick_entry": 1,
 "sort_field": "modified",
 "sort_order": "DESC",
 "track_changes": 1
}